{"name":"Secret Level","character":"","music":"Industrial","button":"ls secret","width":26,"height":22,"waypoints":[{"name":"WP0","nTile":112,"vSrc":[-20.81015,16.25991,21.89856],"vDst":[-2.777496,0.0,2.0774]},{"name":"WP1","nTile":507,"vSrc":[-0.45704,42.6134,26.2993317],"vDst":[-0.33923,0.0,-7.14307]},{"name":"WP2","nTile":120,"vSrc":[-2.49282,12.14553,13.81254],"vDst":[-2.50047,0.0,-1.042046]},{"name":"WP3","nTile":115,"vSrc":[2.50718,12.14553,13.81254],"vDst":[2.49953,0.0,-1.042046]}],"defs":["tile_empty","ss boundary corner small sw","ss boundary edge s","ss boundary corner small se","ss boundary edge w","tile_invisible","ss boundary edge e","ss boundary corner ne","ss tile static sw","ss tile static ew","ss tile static se","ss boundary corner nw","ss tile static ne","ss tile console n","ss tile static nw","ss tile ew","ss tile static ns","ss boundary corner sw","ss boundary edge n","ss boundary corner se","ss tile boundary","ss boundary corner small nw","ss tile door end ew","ss tile door start ew","ss boundary corner small ne","Eggbot"],"tiles":[0,0,0,0,0,0,0,0,0,0,24,18,18,18,18,18,18,21,0,0,0,0,0,0,0,0,0,0,0,0,0,0,0,0,0,0,6,20,20,20,20,20,20,4,0,0,0,0,0,0,0,0,0,0,0,0,0,0,0,0,0,0,6,20,25,25,25,25,20,4,0,0,0,0,0,0,0,0,24,18,18,18,18,18,18,18,18,21,6,20,20,20,20,20,13,19,18,18,18,18,18,18,18,21,6,12,9,9,9,9,9,9,23,4,6,22,9,9,9,9,9,9,9,9,9,9,9,9,14,4,6,16,7,2,2,2,2,2,2,1,3,2,2,2,2,2,2,2,2,2,2,2,2,11,16,4,6,16,4,0,0,0,0,0,0,0,0,0,0,0,0,0,0,0,0,0,0,0,0,6,16,4,6,16,4,0,0,0,0,0,0,0,0,0,0,0,0,0,0,0,0,0,0,0,0,6,16,4,6,16,4,0,17,20,20,19,0,17,20,20,19,0,17,20,20,19,0,0,20,21,0,6,16,4,6,16,4,0,20,0,0,20,0,20,0,0,20,0,20,0,0,20,0,0,20,19,0,6,16,4,6,16,4,0,20,0,0,20,0,0,0,0,20,0,20,0,0,20,0,0,20,0,0,6,16,4,6,16,4,0,20,20,20,7,0,17,20,20,20,0,20,20,20,7,0,0,20,0,0,6,16,4,6,16,4,0,20,0,0,0,0,20,0,0,20,0,20,0,0,0,0,0,20,0,0,6,16,4,6,16,4,0,20,0,0,0,0,20,0,0,20,0,20,0,0,0,0,0,20,0,0,6,16,4,6,16,4,0,11,20,20,7,0,11,20,20,7,0,11,20,20,7,0,20,20,20,0,6,16,4,6,16,4,0,0,0,0,0,0,0,0,0,0,0,0,0,0,0,0,0,0,0,0,6,16,4,6,16,4,0,0,0,0,0,0,0,0,0,0,0,0,0,0,0,0,0,0,0,0,6,16,4,6,16,19,18,18,18,18,18,18,18,18,18,18,18,18,18,18,18,18,18,18,18,18,17,16,4,6,10,9,9,9,9,9,9,9,9,9,15,14,13,12,5,9,9,9,9,9,9,9,9,8,4,3,2,2,2,2,2,2,2,2,2,11,5,10,9,8,5,7,2,2,2,2,2,2,2,2,1,0,0,0,0,0,0,0,0,0,0,6,5,5,5,5,5,4,0,0,0,0,0,0,0,0,0,0,0,0,0,0,0,0,0,0,0,3,2,2,2,2,2,1,0,0,0,0,0,0,0,0,0],"mixed":[0,0,0,0,0,0,0,0,0,0,0,0,0,0,0,0,0,0,0,0,0,0,0,0,0,0,0,0,0,0,0,0,0,0,0,0,0,0,0,0,0,0,0,0,0,0,0,0,0,0,0,0,0,0,0,0,0,0,0,0,0,0,0,0,0,0,0,0,0,0,0,0,0,0,0,0,0,0,0,0,0,0,0,0,0,0,0,0,0,0,0,0,0,0,0,0,0,0,0,0,0,0,0,0,0,0,0,0,0,0,0,0,0,0,0,0,0,0,0,0,0,0,0,0,0,0,0,0,0,0,0,0,0,0,0,0,0,0,0,0,0,0,0,0,0,0,0,0,0,0,0,0,0,0,0,0,0,0,0,0,0,0,0,0,0,0,0,0,0,0,0,0,0,0,0,0,0,0,0,0,0,0,0,0,0,0,0,0,0,0,0,0,0,0,0,0,0,0,0,0,0,0,0,0,0,0,0,0,0,0,0,0,0,0,0,0,0,0,0,0,0,0,0,0,0,0,0,0,0,0,0,0,0,0,0,0,0,0,0,0,0,0,0,0,0,0,0,0,0,0,0,0,0,0,0,0,0,0,0,0,0,0,0,0,0,0,0,0,0,0,0,0,0,0,0,0,0,0,0,0,0,0,0,0,0,0,0,0,0,0,0,0,0,0,0,0,0,0,0,0,0,0,0,0,0,0,0,0,0,0,0,0,0,0,0,0,0,0,0,0,0,0,0,0,0,0,0,0,0,0,0,0,0,0,0,0,0,0,0,0,0,0,0,0,0,0,0,0,0,0,0,0,0,0,0,0,0,0,0,0,0,0,0,0,0,0,0,0,0,0,0,0,0,0,0,0,0,0,0,0,0,0,0,0,0,0,0,0,0,0,0,0,0,0,0,0,0,0,0,0,0,0,0,0,0,0,0,0,0,0,0,0,0,0,0,0,0,0,0,0,0,0,0,0,0,0,0,0,0,0,0,0,0,0,0,0,0,0,0,0,0,0,0,0,0,0,0,0,0,0,0,0,0,0,0,0,0,0,0,0,0,0,0,0,0,0,0,0,0,0,0,0,0,0,0,0,0,0,0,0,0,0,0,0,0,0,0,0,0,0,0,0,0,0,0,0,0,0,0,0,0,0,0,0,0,0,0,0,0,0,0,0,0,0,0,0,0,0,0,0,0,0,0,0,0,0,0,0,0,0,0,0,0,0,0,0,0,0,0,0,0,0,0,0,0,0,0,0,0,0,0,0,0,0,0,0,0,0,0,0,0,0,0,0,0,0,0,0,0,0,0,0]}